{"cameraMode":{"drawMode":0,"name":"Shaded","section":"Shading Mode"},"sceneLighting":false,"audioPlay":false,"sceneViewState":{"showFog":true,"showMaterialUpdate":false,"showSkybox":true,"showFlares":true,"showImageEffects":true,"showParticleSystems":true},"in2DMode":false,"pivot":{"x":44.686500549316409,"y":131.23355102539063,"z":492.3371276855469},"rotation":{"x":-0.022985829040408136,"y":0.8361101150512695,"z":0.03513749688863754,"w":0.5469526052474976},"size":26.275182723999025,"orthographic":false}