{"cameraMode":{"drawMode":0,"name":"Shaded","section":"Shading Mode"},"sceneLighting":false,"audioPlay":false,"sceneViewState":{"showFog":true,"showMaterialUpdate":false,"showSkybox":true,"showFlares":true,"showImageEffects":true,"showParticleSystems":true},"in2DMode":false,"pivot":{"x":36.188621520996097,"y":155.36734008789063,"z":-99.51510620117188},"rotation":{"x":0.595037579536438,"y":-0.018079163506627084,"z":0.013390613719820977,"w":0.8033827543258667},"size":57.47625732421875,"orthographic":false}