{"cameraMode":{"drawMode":0,"name":"Shaded","section":"Shading Mode"},"sceneLighting":false,"audioPlay":false,"sceneViewState":{"showFog":true,"showMaterialUpdate":false,"showSkybox":true,"showFlares":true,"showImageEffects":true,"showParticleSystems":true},"in2DMode":false,"pivot":{"x":-80.94718933105469,"y":72.20796966552735,"z":-47.840335845947269},"rotation":{"x":0.11847902834415436,"y":-0.46288248896598818,"z":0.06258716434240341,"w":0.8762369155883789},"size":50.67877197265625,"orthographic":false}