{"cameraMode":{"drawMode":0,"name":"Shaded","section":"Shading Mode"},"sceneLighting":false,"audioPlay":false,"sceneViewState":{"showFog":true,"showMaterialUpdate":false,"showSkybox":true,"showFlares":true,"showImageEffects":true,"showParticleSystems":true},"in2DMode":false,"pivot":{"x":54.88573455810547,"y":-36.392303466796878,"z":47.302703857421878},"rotation":{"x":0.3484317362308502,"y":0.26064687967300417,"z":-0.10151469707489014,"w":0.8946248292922974},"size":112.85852813720703,"orthographic":false}