{"cameraMode":{"drawMode":0,"name":"Shaded","section":"Shading Mode"},"sceneLighting":false,"audioPlay":false,"sceneViewState":{"showFog":true,"showMaterialUpdate":false,"showSkybox":false,"showFlares":true,"showImageEffects":true,"showParticleSystems":true},"in2DMode":false,"pivot":{"x":3.0577006340026857,"y":-4.1432952880859379,"z":0.5980854034423828},"rotation":{"x":0.44289061427116396,"y":-0.05909955874085426,"z":0.029273275285959245,"w":0.8941472768783569},"size":54.13469696044922,"orthographic":false}