{"cameraMode":{"drawMode":0,"name":"Shaded","section":"Shading Mode"},"sceneLighting":false,"audioPlay":false,"sceneViewState":{"showFog":true,"showMaterialUpdate":false,"showSkybox":true,"showFlares":true,"showImageEffects":true,"showParticleSystems":true},"in2DMode":false,"pivot":{"x":26.931114196777345,"y":-14.473316192626954,"z":42.45058059692383},"rotation":{"x":0.1831165850162506,"y":-0.5218804478645325,"z":0.11581481993198395,"w":0.8250547647476196},"size":82.90740203857422,"orthographic":false}