{"cameraMode":{"drawMode":0,"name":"Shaded","section":"Shading Mode"},"sceneLighting":false,"audioPlay":false,"sceneViewState":{"showFog":true,"showMaterialUpdate":false,"showSkybox":true,"showFlares":true,"showImageEffects":true,"showParticleSystems":true},"in2DMode":false,"pivot":{"x":11.538812637329102,"y":-14.42447280883789,"z":15.026266098022461},"rotation":{"x":0.4428462088108063,"y":-0.06044071167707443,"z":0.02993757836520672,"w":0.8940576314926148},"size":68.93421173095703,"orthographic":false}