{"cameraMode":{"drawMode":0,"name":"Shaded","section":"Shading Mode"},"sceneLighting":false,"audioPlay":false,"sceneViewState":{"showFog":true,"showMaterialUpdate":false,"showSkybox":false,"showFlares":true,"showImageEffects":true,"showParticleSystems":true},"in2DMode":false,"pivot":{"x":0.5527133941650391,"y":1.5130548477172852,"z":44.46955490112305},"rotation":{"x":0.039723921567201617,"y":0.9595444798469544,"z":-0.17698609828948975,"w":0.2153758704662323},"size":43.01015090942383,"orthographic":false}