{"cameraMode":{"drawMode":0,"name":"Shaded","section":"Shading Mode"},"sceneLighting":false,"audioPlay":false,"sceneViewState":{"showFog":true,"showMaterialUpdate":false,"showSkybox":true,"showFlares":true,"showImageEffects":true,"showParticleSystems":true},"in2DMode":false,"pivot":{"x":4.038910865783691,"y":1.7591981887817383,"z":1.8329885005950928},"rotation":{"x":-0.0522787980735302,"y":-0.08647576719522476,"z":0.004544205032289028,"w":-0.9948713779449463},"size":21.356014251708986,"orthographic":false}