{"cameraMode":{"drawMode":0,"name":"Shaded","section":"Shading Mode"},"sceneLighting":false,"audioPlay":false,"sceneViewState":{"showFog":true,"showMaterialUpdate":false,"showSkybox":true,"showFlares":true,"showImageEffects":true,"showParticleSystems":true},"in2DMode":false,"pivot":{"x":31.920917510986329,"y":16.35100746154785,"z":-24.535816192626954},"rotation":{"x":0.02073747105896473,"y":0.15710856020450593,"z":0.003299822099506855,"w":-0.9873600006103516},"size":31.15963363647461,"orthographic":false}