{"cameraMode":{"drawMode":0,"name":"Shaded","section":"Shading Mode"},"sceneLighting":false,"audioPlay":false,"sceneViewState":{"showFog":true,"showMaterialUpdate":false,"showSkybox":true,"showFlares":true,"showImageEffects":true,"showParticleSystems":true},"in2DMode":false,"pivot":{"x":2.4535481929779054,"y":17.773338317871095,"z":-0.5975189208984375},"rotation":{"x":0.028494173660874368,"y":-0.01169850118458271,"z":-0.00033344156690873206,"w":-0.999525785446167},"size":69.31903839111328,"orthographic":false}