{"cameraMode":{"drawMode":0,"name":"Shaded","section":"Shading Mode"},"sceneLighting":false,"audioPlay":false,"sceneViewState":{"showFog":true,"showMaterialUpdate":false,"showSkybox":false,"showFlares":true,"showImageEffects":true,"showParticleSystems":true},"in2DMode":false,"pivot":{"x":-36.18733596801758,"y":-4.619787216186523,"z":-36.55586242675781},"rotation":{"x":0.03178270906209946,"y":0.26831725239753725,"z":0.008857627399265767,"w":-0.9627671837806702},"size":49.65268325805664,"orthographic":false}