{"cameraMode":{"drawMode":0,"name":"Shaded","section":"Shading Mode"},"sceneLighting":false,"audioPlay":false,"sceneViewState":{"showFog":true,"showMaterialUpdate":false,"showSkybox":true,"showFlares":true,"showImageEffects":true,"showParticleSystems":true},"in2DMode":false,"pivot":{"x":25.351097106933595,"y":1.7130534648895264,"z":9.632116317749024},"rotation":{"x":-0.018348226323723794,"y":-0.5083521604537964,"z":0.010833906941115857,"w":-0.8608886003494263},"size":37.30939483642578,"orthographic":false}